,class
5921,1
1073,0
3710,1
144,0
5469,1
1340,0
3614,1
5388,1
2091,0
6277,1
4507,1
7486,0
8061,1
4840,1
2903,1
1003,1
4856,1
3023,0
555,0
8064,1
6837,1
1485,1
5994,1
1272,1
1411,0
7163,1
7422,0
1471,0
6351,1
7236,0
4824,0
4696,0
5344,0
3815,1
981,0
6888,1
3114,0
7167,0
1268,0
2462,0
5141,1
268,0
654,1
3289,0
7063,0
3782,0
4987,1
3315,0
589,0
3872,1
4693,1
6906,0
6304,1
7928,1
5224,1
3795,0
1808,0
6989,0
3032,0
7258,0
677,0
4513,1
5461,1
3454,1
5570,0
4751,1
7044,1
2432,0
4230,1
4076,0
4898,0
7358,0
4747,1
2627,1
1611,0
7249,1
7309,0
7219,1
5077,1
2716,0
8003,0
3365,1
605,0
5386,0
4047,0
1468,0
7952,0
3937,0
5964,1
7130,1
5007,1
3892,1
2155,0
2905,0
7813,0
2077,0
5064,1
4606,1
4205,1
4847,1
584,0
3550,0
5839,0
3852,1
2882,0
6292,1
5192,1
4173,1
4148,1
6632,1
6160,1
7821,1
2550,0
5728,1
344,0
6409,1
6781,1
5817,1
7624,1
5808,1
6291,1
5099,1
2833,0
90,0
6179,1
4295,1
5041,1
3443,1
2117,0
4307,1
7303,1
7853,1
3378,0
947,0
3182,1
7805,1
6139,1
883,0
4710,1
6675,1
4716,1
2939,0
7276,0
7447,1
6001,1
5427,1
6406,0
5412,1
5820,0
5701,1
2415,0
7273,0
6161,1
5666,0
5458,1
4198,1
7730,1
2398,0
4690,1
1710,0
7485,1
4782,1
1186,0
3945,0
7801,1
5846,1
6182,1
7943,1
151,0
915,0
1305,0
5071,0
5283,0
7836,0
4789,1
5362,0
1398,0
2519,0
183,0
3651,0
3316,0
4081,1
2417,0
471,0
967,0
5418,1
7867,0
209,0
1961,0
896,0
6159,1
2650,0
4974,1
1773,0
7652,0
2299,0
1209,0
4353,1
4640,1
1270,0
1251,0
7596,1
2758,0
7693,1
4902,1
7052,1
292,0
8031,1
1051,0
4342,1
3382,0
272,0
2042,0
4306,1
7134,0
5006,1
3080,0
1086,0
4864,1
6478,1
5704,0
5822,1
2812,0
5407,1
5165,1
5473,1
3442,0
3050,0
2877,0
4129,0
613,1
3305,0
5097,1
3478,0
4900,1
6625,1
1748,1
7326,1
6217,1
7050,0
2957,0
5777,0
2662,0
3244,0
3739,1
2154,0
1344,0
7852,1
6104,1
4829,1
952,0
6964,1
1504,0
3410,0
8076,0
7165,1
1121,0
4766,1
4896,1
3941,1
3209,1
7919,0
5286,1
5642,1
416,0
4816,1
2431,0
7871,0
564,0
2526,0
1224,0
142,0
4220,1
1490,0
6381,1
3358,1
3861,0
2653,0
2004,1
1194,0
2955,0
3043,0
1756,0
497,0
2776,0
2954,0
7938,0
912,0
721,0
5918,1
4411,1
1496,0
7922,0
1520,0
5193,0
3527,0
4003,0
6946,1
6543,1
108,0
1754,1
6228,1
1351,0
4595,1
4510,1
3608,1
1973,0
336,0
5110,1
6758,1
4091,1
4922,1
7755,1
3024,0
3658,1
724,0
765,0
4410,0
7739,1
4574,1
307,0
1278,0
4055,1
3856,0
6325,1
7384,1
7364,1
1791,0
4231,1
3783,1
6282,1
2053,0
5663,1
3621,1
71,0
6706,1
2759,0
4575,1
7239,0
2973,0
6803,1
1260,1
1666,0
7757,1
7682,0
4322,1
3706,0
2167,0
8069,0
2533,1
1695,0
1095,1
6877,1
5952,1
3862,0
1630,1
4984,0
1881,0
4375,0
5650,1
1612,0
978,0
1413,0
5781,0
6707,1
848,0
3885,1
3773,0
2271,0
2392,0
7671,0
1830,0
3268,1
47,0
4273,1
6330,1
1350,0
7564,0
4369,1
446,0
2248,0
1743,0
844,0
4015,1
2945,0
3206,0
2440,0
678,0
6649,1
4706,1
1294,1
2840,0
7109,1
4607,1
7592,1
5816,0
5148,0
1112,0
776,1
7681,1
2231,0
2228,0
2153,0
5528,0
3914,0
3784,0
7353,0
1366,0
1469,0
1851,0
1963,0
5629,1
4879,1
4701,1
4004,1
485,0
2239,0
4139,1
3196,0
4918,1
6855,1
30,0
4075,1
1879,0
5897,1
5920,1
5787,0
4567,1
5466,0
5561,1
1036,0
636,0
5168,1
4509,1
1083,0
2615,0
861,0
7382,1
903,0
5967,1
109,0
7810,0
4552,1
3357,1
5679,0
6817,1
2995,0
5970,0
1831,0
3520,0
3176,0
782,0
7924,1
4982,1
5230,0
6517,0
2910,0
7700,1
1825,0
2617,0
6353,1
1094,0
5707,1
6977,1
4161,0
4952,1
6206,1
4280,1
6333,1
1654,0
6648,1
7442,1
2323,0
2413,0
6226,1
2654,0
6818,1
5537,0
2678,0
4609,1
5292,1
3328,1
7648,1
6672,1
178,0
3263,0
8063,0
3441,1
1204,1
2202,0
4709,1
6590,1
6267,1
3145,0
8077,0
3728,0
1770,0
829,0
941,0
7031,1
2486,0
627,0
3102,1
4791,1
925,0
295,0
1052,0
2707,0
4381,1
7283,1
4434,1
5812,1
2789,0
944,0
7203,1
6735,1
12,0
1117,0
5924,1
7945,0
5583,1
3217,0
4550,1
1319,0
779,0
7935,1
7431,1
6023,1
3877,0
433,0
653,1
2477,0
3298,1
3481,0
4906,1
4695,1
3149,0
7915,0
4671,1
2886,0
6551,1
4447,1
5927,1
6345,1
6144,1
5653,0
8086,0
570,0
1448,0
4253,0
4570,0
4581,1
3370,0
6683,1
1745,1
2741,0
1590,0
7723,0
3936,1
287,0
1738,0
5102,1
7174,1
3534,0
5045,1
4860,0
3765,0
4717,0
2827,0
1684,0
5300,1
1338,0
6598,1
2742,0
3934,1
6662,1
5015,0
6531,1
2902,0
2258,0
4991,1
2986,0
4939,0
4078,1
6687,1
4151,1
4480,0
1564,0
7370,0
4746,1
5933,1
7179,1
2185,0
4288,1
1231,1
6967,0
1258,0
2254,0
1951,0
7552,0
113,0
6890,1
2509,0
5956,1
7310,1
4534,0
2548,0
5519,1
507,0
4454,1
4160,1
5815,1
7791,0
4587,1
7795,0
4323,1
2850,0
4761,1
4334,1
7645,1
350,0
4817,1
2906,0
4421,1
4557,0
2505,0
2620,0
4407,1
1114,0
2846,0
5743,0
298,0
1675,0
6447,1
7697,1
6496,1
6195,1
6626,1
5649,0
3779,0
229,0
76,0
4424,0
5646,1
7909,0
6155,1
2103,0
6388,1
3707,1
6215,1
3605,1
5636,1
5433,1
1614,1
607,0
3968,1
4803,1
1093,0
4391,1
2622,0
6578,1
7977,0
7712,0
203,0
2387,0
4291,0
7737,0
837,1
2934,0
7899,1
8057,0
1230,0
6171,1
5483,1
1609,0
7601,1
7851,1
5113,0
6836,1
5780,1
2732,0
7103,0
3412,0
7083,1
5391,1
7029,1
3297,0
3842,0
6200,1
4266,1
6664,1
4141,0
657,0
790,0
4692,1
4951,0
6695,1
2561,0
5641,1
1359,0
5969,1
2347,0
5514,0
4126,1
2781,0
3347,0
5972,1
6173,1
6146,1
8074,0
3601,0
615,0
2575,0
6213,1
2314,0
1705,0
6867,1
6727,1
6931,1
1780,0
3482,0
803,0
857,0
4781,1
5441,1
990,0
5465,1
4296,1
4985,1
5746,1
219,0
6671,1
1288,0
3163,0
582,0
2618,0
43,1
1234,0
7470,1
6093,1
5902,1
7856,1
1892,0
5763,1
7216,1
4657,1
6712,1
1071,1
718,0
2364,0
1505,0
670,0
4687,1
2952,0
4913,1
6497,1
7738,1
897,0
6537,1
2666,0
3193,1
2890,0
7194,1
1530,1
3543,1
6791,1
4679,1
7479,0
7866,0
4237,1
3875,0
3473,1
6199,1
1874,0
2370,0
1769,0
7393,1
4857,1
1983,0
531,0
5829,1
6133,1
7966,0
2881,0
81,1
8042,0
6609,1
6670,1
2163,0
731,0
2339,0
7948,1
2232,0
5062,1
3745,0
7660,1
5151,0
4920,1
3295,1
5235,1
6591,1
2705,0
1255,0
2104,0
7042,1
5304,1
4477,1
898,0
428,0
5627,1
4030,1
6724,1
7354,0
1222,0
3375,0
6301,1
5838,1
5229,1
6584,1
6138,1
1621,0
7256,1
3164,1
4176,0
6485,1
1096,0
2715,0
2072,0
7338,1
7484,1
6408,1
3340,0
6848,1
2588,0
1788,0
7159,1
7572,1
528,0
4149,1
192,0
6985,1
1126,0
3570,1
3509,0
3571,0
304,0
4239,1
1292,0
70,0
3661,1
4647,0
2687,0
3477,1
5946,1
831,0
4104,1
1456,0
2607,0
4977,1
238,0
92,0
2977,0
5958,1
7181,0
5589,1
7047,1
6091,1
6026,1
4294,1
5121,1
1001,0
4209,1
7783,0
2377,0
4556,0
3693,0
6692,1
3246,1
3383,0
1532,1
2410,0
5247,1
411,0
6844,1
7790,0
7333,1
2805,0
7503,1
5983,1
3082,1
7975,0
1736,0
3768,0
5974,1
7411,0
6428,1
6194,0
3501,0
633,0
3021,0
498,0
3855,0
2463,0
6078,1
637,0
720,0
288,0
757,0
3377,0
3504,0
3089,1
6262,1
6046,1
4881,1
449,0
596,0
4317,1
3708,1
1068,0
1942,0
1647,0
4094,1
5351,0
2700,0
1700,0
6542,1
6513,1
4830,1
8026,0
2942,0
6658,1
7059,1
5012,1
2123,0
4215,1
86,0
2308,0
2677,0
5484,1
7586,0
6761,1
2594,1
3790,1
3058,1
1029,0
4080,1
2876,0
5711,0
3574,0
2144,0
4103,0
6412,1
5106,1
1200,0
2025,0
621,0
7389,1
566,0
7087,1
1837,0
1334,0
3992,1
7725,0
2099,0
3946,1
5061,1
4166,1
5614,1
1688,0
745,0
5564,1
5138,1
2187,0
195,0
1152,1
3518,0
5363,1
802,1
4995,1
2350,0
7074,1
5265,1
7356,1
5263,1
2068,0
2907,0
4937,1
6276,1
644,0
7184,1
6096,1
7368,1
3891,0
5656,1
120,1
1777,1
2981,0
4343,1
3074,0
6526,1
6557,1
7095,1
3035,0
2135,0
5647,1
6629,1
134,0
7177,1
4190,1
4423,1
4320,1
5460,1
1162,0
2559,0
62,0
5312,1
7962,1
4379,0
1642,0
4247,1
2467,0
679,0
4630,0
741,0
1211,0
2170,0
6134,1
5563,0
5409,1
2900,0
3258,1
567,0
1873,0
648,0
2596,0
1717,0
7322,1
2843,0
1392,0
6109,1
6383,1
6416,1
6225,1
6883,1
489,0
493,0
690,0
7711,1
602,0
1911,0
5599,0
4092,0
5825,1
5766,1
4140,1
5623,0
5573,1
2366,0
1187,1
274,0
5697,1
4694,1
1361,1
6997,0
1526,0
5677,1
4031,1
8002,0
1551,0
330,1
7641,0
1337,0
4002,0
945,0
6641,1
2250,0
6391,1
801,0
7772,0
2346,0
68,0
6681,1
5784,1
2784,0
1598,0
7834,0
6433,1
7991,0
1503,0
3838,0
150,0
2804,0
5770,1
2086,0
7405,0
2259,0
7713,1
4001,1
6266,1
6425,1
859,1
4074,0
7211,0
6049,1
4890,1
4189,1
7193,1
366,0
1432,1
4373,1
5702,0
1779,0
3774,0
4970,1
6518,1
1818,0
5199,1
841,1
2704,0
1189,0
175,0
4511,1
8079,1
617,0
2093,0
3308,0
5910,1
3491,0
5432,1
82,0
4414,1
3208,1
816,0
1030,0
4908,1
300,0
5231,0
1472,1
283,0
2028,0
7776,0
4990,1
6443,1
2915,0
1813,0
1271,0
5550,1
7207,1
4368,1
6052,1
5154,1
7929,0
3150,0
820,0
2313,0
2008,0
5681,0
2642,0
4382,1
3780,0
7403,1
2305,0
4347,1
5857,1
99,0
4772,1
744,0
7802,1
7800,1
4635,1
480,0
5381,1
7882,0
5747,1
1157,0
6805,1
6811,1
5998,1
1437,1
2414,0
3554,1
4762,1
402,1
7017,1
2195,0
949,1
5558,1
2067,1
4222,1
5696,1
668,0
218,0
3366,1
7822,1
1962,0
4271,1
5889,1
2213,0
2633,0
1659,0
3734,1
5448,1
5389,0
5571,1
2145,0
777,0
2434,0
3066,0
6583,1
5835,0
4652,0
4947,1
1491,1
3545,0
3153,0
3886,0
3806,1
4028,1
6087,1
4714,1
3641,0
517,0
6558,0
4228,1
5793,1
7151,1
7902,1
6220,1
1415,0
568,1
360,0
6486,1
7093,1
5296,1
4235,1
3100,0
4622,1
759,0
3548,0
4450,1
7638,1
7833,0
6592,1
5310,1
214,0
3662,0
5633,1
5901,1
3803,0
4942,1
4961,1
6300,1
1473,0
2244,0
725,1
7710,0
3560,1
49,0
6362,1
6054,1
3130,0
887,0
7111,1
4743,1
2893,0
6492,1
7337,1
516,0
3168,1
2949,0
5359,1
139,0
3939,1
6053,1
2378,0
7135,0
3197,0
4319,1
112,0
3195,0
463,0
7189,1
1233,0
3250,0
594,0
4943,1
6061,1
450,0
6504,1
3277,1
4201,1
4765,1
312,0
7768,1
6032,1
4734,0
4928,1
7666,1
5698,0
451,0
3166,1
3731,0
6193,1
6562,1
3626,0
890,0
6361,1
2763,0
658,0
1506,1
5120,1
4626,1
7604,0
999,1
389,0
3407,0
2330,0
1476,0
2240,0
7300,0
7311,0
6773,1
4056,1
6845,1
2972,0
3386,0
2775,0
1923,0
758,0
700,1
7415,0
1293,1
7166,1
2873,0
6792,1
2535,0
6823,1
1907,0
5609,1
5652,0
368,0
1937,0
4996,0
1151,0
7788,0
5169,0
4262,1
7234,0
3010,0
7988,0
191,0
5968,1
6317,1
174,0
1903,0
1099,1
6858,1
3646,0
3408,0
3898,1
2292,0
7076,1
7895,0
6921,1
7122,1
1164,0
6610,1
7352,0
3915,0
6062,1
5492,0
3664,0
6389,1
1661,0
508,0
166,0
4224,0
7675,1
1006,0
5680,1
3269,1
7350,0
3494,0
4313,1
103,0
3265,1
1111,1
4945,0
2536,1
1104,0
5213,1
1752,0
7255,0
4801,1
3859,1
4157,1
2916,0
5364,1
1658,0
152,0
4471,1
2483,0
1583,1
6829,1
2552,0
7951,1
4050,1
3551,0
3722,0
4441,1
7278,0
3918,1
7796,1
2209,0
4518,1
4912,1
4538,1
2985,0
1822,1
5394,1
6270,1
4663,0
4897,1
7334,0
309,0
212,0
7692,0
7999,0
3599,1
3622,1
5831,1
4456,1
7491,1
3450,0
495,0
5837,1
3256,0
205,1
1434,1
1135,0
2584,0
868,0
2749,1
3613,0
305,0
1849,0
4310,1
4870,1
1988,0
3240,0
2798,0
5840,1
1534,0
3109,1
843,0
1987,1
5597,1
7204,0
1714,0
383,0
1538,0
211,0
3388,1
6519,1
1957,0
6886,1
2438,0
2727,0
4241,1
7733,1
6189,1
1349,0
5671,1
5038,1
3832,0
3580,0
6221,1
680,0
3901,1
180,1
7731,1
862,0
7506,1
4888,0
278,0
3960,1
3319,0
3252,0
2518,0
2480,0
289,0
4035,1
3075,1
6157,1
5200,1
6111,1
993,0
3235,1
2236,0
7583,1
39,0
7683,1
5500,1
5748,0
2754,0
6510,1
4823,1
270,0
6116,1
2883,0
6635,1
5245,1
5330,1
5856,1
7182,0
6314,1
111,0
3218,1
1391,0
2600,0
220,0
4483,1
4905,1
4085,1
4967,1
83,0
873,0
7527,1
5501,1
461,0
7145,1
8111,0
551,0
2201,0
2374,0
6824,1
4275,1
2246,0
7649,0
4787,1
2450,0
3954,1
2329,0
6810,1
2146,0
4715,1
4486,1
7171,1
650,0
7640,0
708,0
6939,1
4339,1
4439,1
4420,1
3063,0
5459,1
3349,1
1424,0
1216,0
6207,1
1924,0
104,0
1064,1
3786,0
314,0
1289,0
5251,1
4526,1
1427,0
4522,1
6394,1
3129,0
4678,1
6572,1
3008,0
6718,1
1105,0
4453,1
5990,1
5011,1
8121,0
4416,1
684,0
5963,1
5239,1
2765,0
3929,1
4771,1
6263,1
5021,1
3682,0
7443,0
4582,1
6329,1
2451,0
4174,1
4404,1
3824,0
326,0
2652,0
6789,1
7862,1
2176,0
4475,1
5577,1
7030,1
3318,0
6980,1
4250,1
4367,1
2787,0
5544,0
5374,1
1676,0
3947,1
7275,1
348,0
5942,1
3226,1
4515,1
7770,1
1626,0
4963,1
2503,0
5874,0
2369,0
871,0
4778,1
2217,0
7344,0
7571,1
2218,0
3326,1
4508,1
7819,1
3583,1
4059,0
6372,1
5454,1
2121,0
5137,1
136,0
6726,1
85,0
6017,1
1877,0
2801,0
3671,0
3667,1
6798,1
2640,0
6950,1
7437,0
2880,0
7803,0
494,0
2019,0
5223,0
2525,0
4885,1
5965,1
6284,1
7129,1
4528,1
2895,0
6273,1
6948,1
3425,1
5860,1
5060,1
5397,1
4127,0
4851,1
2001,0
6073,1
869,0
356,0
5446,1
7934,1
8009,0
1890,0
5774,1
6907,0
3563,0
5515,0
2380,0
7048,1
5668,1
7406,1
3306,1
6296,1
3499,0
4461,1
1116,0
7474,1
6322,1
4490,1
5498,1
7510,0
7957,0
2500,0
4354,1
7213,1
3809,0
5072,1
6127,1
5210,0
7740,0
6067,1
2052,0
1776,0
6251,1
3313,1
5845,1
5852,1
1592,0
1723,0
7376,0
4377,1
5538,0
490,0
6827,0
3483,1
3431,0
4210,1
5140,1
25,1
7229,0
2409,0
3270,1
1552,0
7005,0
6081,1
3871,1
3402,1
979,0
2655,0
1847,0
5307,1
5521,1
5871,1
6044,1
6795,1
1102,0
3276,1
7823,0
6825,1
5662,1
3996,1
194,0
643,0
3285,0
3116,0
3575,0
6659,1
2207,0
3718,1
972,0
719,0
8123,0
3896,0
2803,0
2566,1
4025,1
32,0
6393,1
4063,1
6553,1
1697,0
2792,0
2222,0
3764,0
3866,0
6149,1
6540,1
4467,1
4738,1
3758,1
5419,1
3227,1
5201,1
5710,1
3904,1
2277,0
4561,1
1401,0
739,0
7348,1
7381,1
6101,1
5462,1
4348,1
5395,1
674,0
4264,1
3841,0
1815,0
5659,1
8007,1
6942,1
4886,1
2100,0
6839,1
2101,0
4213,1
4660,1
1548,0
4287,1
3323,1
5257,0
355,0
1461,0
7199,1
3220,0
6509,0
5255,1
1751,0
5335,0
5067,1
1772,0
1196,0
1878,0
2668,0
8107,0
2016,0
2005,0
3893,0
3237,0
2078,0
396,0
2788,0
7020,0
4072,1
5705,1
4838,1
1519,0
5848,1
1378,1
1023,0
2587,0
5096,1
2857,0
7825,0
1629,1
3523,0
5676,1
3607,1
7251,0
234,0
5171,1
3796,1
4118,1
3800,0
5033,1
7396,1
1948,0
7217,0
5037,1
3492,1
2671,0
6759,1
2224,0
1106,1
6693,1
818,0
6328,1
6260,1
7992,1
888,0
2437,0
817,0
3414,0
2341,0
6669,1
3167,0
6216,1
7065,1
1264,0
7494,1
6142,0
6900,0
1228,1
4862,0
52,0
4894,1
5741,0
159,0
6631,1
1587,0
1589,0
4994,1
6853,1
7613,1
3858,1
4949,1
2828,0
436,0
5938,0
3878,1
1588,0
2780,0
6602,1
5995,1
5981,1
973,0
1238,0
2951,0
2342,0
5590,1
6934,1
1497,0
4257,1
2422,0
7210,1
7156,1
6994,0
2092,0
2015,0
6716,1
5929,1
187,0
4594,1
3655,0
3426,1
4812,0
1381,0
4979,1
413,0
3336,0
3606,1
7617,0
5925,1
7008,0
256,0
5434,0
7965,0
2235,0
1767,0
4236,1
5814,0
1572,0
24,0
6422,1
1088,1
2694,0
5057,1
3398,0
3559,1
6859,1
2841,1
2311,0
7138,1
7717,0
4152,1
1309,0
695,0
7543,0
3752,0
1227,0
1999,0
276,0
4532,1
7699,0
6438,1
7220,0
7884,1
7655,1
8089,1
4704,1
1137,0
2767,0
5452,1
6368,1
942,1
8022,1
3935,1
2384,0
115,0
5683,0
8082,1
3119,1
4258,1
7936,1
5849,0
2819,0
3822,1
6760,1
6512,1
3802,0
3536,1
3825,0
6123,1
1946,0
4773,1
3488,1
1610,0
8059,1
2194,0
5329,1
557,0
7154,1
1207,1
4707,1
4883,1
1510,0
3829,1
3732,0
5303,1
3211,1
3630,1
5552,1
5556,0
266,0
1140,0
3162,1
6708,1
7463,0
1909,0
5587,1
6924,0
656,0
5758,1
7556,1
998,0
4958,1
2834,0
6899,1
1237,0
6763,0
8046,0
6209,1
2186,0
1134,0
1303,0
1627,0
5595,1
1522,0
358,0
138,1
299,1
1556,0
382,0
6018,1
4880,1
6464,1
5908,1
6524,1
6569,1
5607,1
6974,1
2721,0
1932,0
4953,1
7302,1
7347,1
4163,1
6866,1
3807,0
6936,1
4672,1
4154,0
4172,1
796,0
2416,0
785,1
3158,0
123,0
2172,0
5875,0
5824,1
4340,1
910,0
2309,0
7607,1
3634,0
1257,0
4458,1
1178,0
3650,0
442,0
6234,1
1399,1
1457,0
5017,1
1054,0
3275,0
6236,1
3699,1
3759,0
929,0
7782,0
1829,0
6880,1
4221,1
7448,1
6539,1
5400,1
2011,0
6165,1
5532,1
7789,1
2606,0
3264,1
6147,0
5403,1
6,0
2980,0
3361,0
1943,0
5119,1
7477,1
6864,1
6243,1
5214,1
7472,1
3134,0
5339,1
2242,0
1474,0
6037,1
1889,0
3435,1
5065,1
3705,0
2021,0
4020,1
6392,1
5803,1
6257,1
2658,0
1130,1
7707,1
7355,1
4993,0
4318,1
7875,1
4144,1
1236,0
7864,1
7296,1
2282,0
5517,1
7108,1
4093,0
4726,1
6903,1
386,0
1628,1
3585,0
2714,0
6131,1
5940,1
7110,0
3189,0
4305,0
909,1
6143,1
1866,0
1842,0
2497,0
6647,1
5271,0
7758,1
4006,0
2702,0
6676,1
331,0
4775,1
4800,1
2459,0
1774,0
5882,1
6350,1
2686,0
6846,1
7173,0
5672,1
5979,1
6259,1
6500,1
7714,1
6118,1
173,0
4615,1
3321,0
4727,1
3372,1
3311,0
7054,0
5058,1
6369,1
5916,0
3403,1
18,1
3691,0
6137,1
4096,0
3628,0
6431,1
2174,0
1356,0
6751,1
7365,1
3112,0
182,0
6346,1
6424,0
1812,1
5250,1
1800,0
2429,0
6274,1
5009,1
7009,0
5664,0
5410,1
7744,0
4650,1
1159,0
1213,0
1325,0
7872,0
1455,0
5522,0
6218,1
1644,0
2140,0
4536,1
4457,1
6559,1
4378,1
729,0
4357,0
1936,0
3793,0
7580,1
7001,1
7611,1
1110,0
6596,1
2998,0
2394,0
1185,0
2007,0
193,0
6633,1
578,0
771,0
2395,0
8043,0
1846,0
6790,1
4274,1
3740,0
4600,1
5221,0
6488,1
2073,0
1896,0
6145,1
3659,0
2379,0
1447,0
342,0
7750,1
2527,0
727,0
4577,1
976,0
8115,0
3516,0
5313,0
7792,1
3940,1
1299,0
7458,1
660,0
1492,0
5487,0
6651,1
5948,0
2315,0
7540,0
7480,1
1085,0
7663,1
3198,0
5502,0
5516,1
67,0
6455,1
2269,0
5740,1
4903,1
6400,1
3447,1
2367,0
4836,1
5428,1
2512,1
2723,0
6911,1
7704,0
1143,0
7709,1
4832,1
6961,1
4728,1
6876,1
3789,0
2220,0
2331,0
4962,1
5369,1
7132,1
4088,1
1967,0
6354,1
7501,1
4365,1
423,0
7034,1
1904,0
7369,1
3917,1
3618,0
839,0
4596,1
6495,1
141,0
6703,1
1377,0
3674,0
6868,1
7958,0
4741,1
3808,1
1138,0
2257,0
1787,0
3938,0
7240,1
7478,1
459,0
7426,1
948,0
3700,0
1336,0
4628,1
6466,1
1602,0
2238,1
639,0
7837,1
3830,0
5318,0
5620,0
7262,1
1070,0
155,0
2295,0
5184,1
4578,1
1089,0
2940,0
6862,1
4384,1
930,0
2909,0
6573,1
7450,0
3247,0
7377,0
6840,1
5960,1
7196,1
7548,0
7570,0
1698,0
7644,0
8075,0
7883,1
3831,1
7401,1
7465,1
985,0
1821,0
7142,1
587,0
7745,0
6106,1
7395,1
8070,1
5164,1
6446,1
3557,1
1395,0
264,0
3547,1
6089,1
7413,0
6752,0
3864,1
6737,1
2400,1
7453,1
3711,0
246,0
1594,0
7891,1
5553,0
923,0
5035,1
7544,1
669,0
3604,1
1910,0
5669,0
3958,0
2696,0
2591,0
1781,0
3013,1
2307,0
4866,1
3690,0
687,0
612,0
3200,0
2267,0
7784,1
6176,1
1898,0
6992,1
258,0
2924,0
2822,0
3339,1
3525,1
4563,1
2285,1
6857,1
484,0
2211,0
5382,0
2555,0
7,0
3657,0
6878,1
4874,1
4402,1
2426,1
1814,0
8081,1
2274,0
1011,0
5503,0
1067,0
1991,0
3970,1
5782,1
7078,1
3867,0
7247,1
3048,0
781,0
7879,1
1749,0
2791,0
1091,0
7979,0
6860,0
6909,1
6587,1
2608,0
6656,1
2290,0
1727,0
610,0
4666,1
343,0
7838,0
6334,1
3750,1
5819,1
7089,0
3215,0
97,0
5112,1
1537,1
3588,0
3648,1
6463,1
5080,1
1517,0
7149,1
4624,1
4272,1
3669,0
2090,0
572,0
7942,1
6156,1
6739,1
3062,1
5155,1
5887,1
5284,0
5267,1
5440,1
4479,1
7752,0
370,0
1938,0
5753,1
7007,1
3670,1
3652,1
2361,0
4260,1
5070,0
7318,1
3737,1
5014,1
5608,0
5643,1
1171,0
5294,1
1422,0
7287,1
7150,1
5341,1
874,0
2297,0
2643,0
7931,0
840,0
581,0
204,0
1641,0
2014,0
3253,1
5026,1
905,0
631,0
5768,1
7327,0
1974,0
162,0
5548,1
7295,1
5176,0
4713,1
875,0
1431,0
4643,1
6834,1
5082,1
7566,0
2856,0
1861,0
2659,0
3384,0
7627,0
7778,1
5378,0
4733,1
3331,1
6639,1
6114,1
5670,1
2096,0
2003,0
5527,1
546,0
1449,0
6923,1
2610,0
1900,0
6399,1
2757,0
1885,0
7846,1
2097,0
7064,1
7294,1
836,0
3471,0
4697,1
6460,1
2171,0
6976,1
6908,1
398,0
2010,0
7798,1
1283,0
5733,0
5943,1
4256,1
1836,0
1019,0
1326,0
5044,1
475,0
2810,0
6547,1
1651,0
7536,1
6935,1
2528,0
1206,0
5285,0
7195,0
6250,1
5130,1
867,0
2974,0
541,0
1132,1
7865,1
6405,1
3390,1
7956,0
2962,0
4155,0
3259,1
7754,1
8019,0
2583,0
2813,0
6302,1
7036,0
5598,0
3586,0
6972,1
5321,1
6904,0
2630,0
6503,1
5185,0
5036,1
1080,0
4283,0
2085,0
2452,0
4966,0
2023,0
5371,0
7659,0
226,0
1013,0
1929,0
5737,0
1404,0
2179,0
697,1
1124,0
3895,1
1778,1
8118,1
2634,0
3489,0
1037,0
2256,0
6794,1
8028,1
313,0
2649,0
2281,0
5827,1
2547,0
2159,0
3137,0
6746,1
3967,1
1428,0
5771,1
2520,0
5227,1
5884,1
6011,1
448,0
5133,1
1284,0
3727,0
361,0
7331,1
6472,1
2460,0
22,0
2066,0
1653,0
702,0
7100,1
2743,0
1376,0
6599,0
2468,0
3754,1
2325,0
460,0
4183,0
4082,1
1486,0
3678,0
282,0
4558,1
4308,1
4865,1
3537,0
5716,1
2581,0
1368,0
7325,0
5456,1
597,0
4351,1
6595,1
4758,1
8062,1
7653,1
7282,1
3468,1
5198,1
2990,1
7227,1
7963,1
2544,0
6043,1
5955,1
4066,1
3988,1
7842,0
685,0
5485,1
3243,1
6943,1
4083,1
2837,0
3697,1
4941,1
7121,1
4040,1
2230,0
5934,1
2320,0
4878,1
521,0
522,0
6341,1
6535,1
6532,1
7188,0
780,0
6352,1
5508,1
651,0
6063,1
2196,0
369,0
5331,1
4214,1
377,0
5717,1
2216,0
6186,1
1613,1
7288,1
3632,1
962,0
7308,1
7623,0
6192,1
5509,1
359,0
3839,0
6705,1
1246,0
5673,1
5087,0
3694,1
6852,1
2567,0
3423,0
2037,0
772,0
7462,1
3562,0
7686,1
7423,1
5380,1
4531,1
1674,0
365,0
5340,0
7224,1
4327,1
147,0
7139,1
3088,0
7561,0
407,0
7499,0
3456,0
4182,1
3576,0
3271,0
4940,1
1031,1
5325,0
855,0
3926,1
78,1
2247,0
6022,1
7417,1
7467,0
6286,1
5594,1
788,1
2279,0
4095,0
3897,0
6554,1
6742,1
3631,0
6086,1
424,0
392,0
6069,1
7667,1
4200,1
2672,0
7429,1
5494,1
3493,0
1459,1
7488,1
6421,1
6006,1
3835,1
8044,0
6289,1
8085,0
4724,1
6560,1
2355,0
8023,1
2442,0
5499,1
7451,1
6318,1
464,0
163,0
7028,1
7274,1
7780,1
8053,1
2009,1
3084,0
900,0
6356,1
4837,1
2293,0
4481,1
5302,0
4605,1
3716,0
7978,1
1764,0
1549,0
3029,0
6440,1
2044,0
767,0
1508,0
7887,0
4517,1
4219,1
6745,1
5322,1
3292,1
819,0
1403,0
1382,1
2148,0
1638,0
7806,1
399,1
882,0
3565,1
7257,1
1179,0
4244,1
5218,1
5547,0
2130,0
5078,1
456,0
6999,0
1950,0
689,0
6417,1
7840,0
1953,0
2710,0
7591,1
6036,1
4349,1
7049,1
1884,0
6120,0
7180,1
2494,0
3036,0
3603,0
845,0
542,1
3724,1
4187,0
3679,1
6483,1
7654,1
7677,1
2964,0
2529,0
1048,0
1960,0
2530,0
6998,0
237,0
4917,1
1133,0
6714,1
4259,1
6009,1
6108,1
8114,1
2978,0
6429,1
6246,1
5488,1
6060,1
3919,1
3138,1
7248,1
4073,0
8067,0
3229,0
1826,0
593,1
2725,0
4137,1
560,0
7839,1
6879,1
243,1
4437,1
5639,1
405,0
1442,0
261,1
7061,1
7925,1
1689,0
1725,1
6622,1
4930,0
2496,0
7058,1
340,0
8020,1
1601,0
4576,1
3725,1
8041,1
2785,0
1523,0
6058,1
7212,1
7524,0
5729,1
6564,1
1766,0
8012,1
4037,1
6874,1
6418,1
6581,1
7597,0
363,0
5367,1
8033,1
7304,1
4725,1
4443,1
6473,1
7500,0
2562,0
5688,1
7445,0
7538,1
3083,0
7483,1
2102,0
632,0
2493,0
2665,0
5893,0
4406,1
7468,0
5773,0
2334,0
8109,0
3619,0
3883,0
5520,1
4211,1
1494,0
2401,0
3874,1
1232,0
2661,0
2817,0
6869,1
7424,1
8105,0
6449,0
4153,1
6059,1
3061,1
7153,0
8034,0
1735,0
2823,0
6198,1
7946,0
2475,0
2564,0
8094,0
6835,1
6285,1
707,0
3046,0
6925,1
5189,1
6204,1
5472,1
72,0
4448,1
4839,1
7600,1
5101,0
1190,0
2601,0
1125,0
1241,0
7277,1
6754,1
6099,1
3351,1
5094,1
4008,0
1577,1
3906,1
3729,0
4358,1
1343,0
8101,1
7689,0
440,0
1100,0
2637,0
7897,1
649,0
1546,1
6183,1
6203,0
2852,0
3503,0
5861,0
630,0
4768,1
1249,0
6753,1
482,0
1584,0
4676,1
1462,0
3040,1
5010,0
6253,1
3273,0
3683,1
4145,1
5738,1
4954,1
3225,0
1072,0
4815,1
2631,0
1660,0
2425,0
5079,0
8122,1
6178,1
3097,1
3976,1
7271,0
7708,1
5786,1
5481,0
6437,1
5495,1
5291,0
1408,0
1845,0
1798,1
3957,1
1475,0
5894,0
35,0
6384,1
444,0
2359,0
3654,1
6382,1
3179,1
1286,1
7039,0
4445,1
3416,0
2137,0
2636,0
4016,1
7841,1
1681,0
7735,1
7585,0
5275,1
1692,0
6004,1
6468,1
3635,1
372,0
6245,1
5453,1
4882,1
7694,1
140,0
4884,1
4419,0
7567,1
6673,1
714,0
5243,0
3188,1
7175,1
4431,1
5700,1
406,0
20,0
1004,0
4986,1
2411,0
2545,0
6095,1
2390,0
6525,1
42,0
2830,0
3371,1
3022,0
3364,0
4399,1
5252,0
11,0
4760,1
1177,0
1947,0
2501,0
7053,1
2863,0
3865,1
1026,0
3848,0
2989,0
961,0
2889,0
3015,0
3338,0
5752,1
735,0
4400,1
1440,0
7727,1
2875,0
3986,1
916,0
6774,0
6338,1
4089,0
7502,1
6347,1
2772,0
1624,0
8006,1
821,0
1367,0
3712,0
7893,0
7297,1
850,0
1000,0
6048,1
4114,1
1637,1
1667,1
4589,1
3173,1
6188,1
1347,0
6395,1
3230,0
7361,0
6247,1
4783,0
8037,1
3232,1
6642,1
703,0
5105,1
6474,1
3291,0
3673,0
2408,0
7492,1
1327,0
7616,1
5406,1
6657,1
4909,1
4440,1
6783,1
986,0
6451,1
7371,1
6983,1
6721,1
4049,1
3485,0
2474,0
5238,0
3873,1
1198,0
4181,1
1518,0
6734,1
5477,1
1799,0
1014,0
128,0
1364,0
7045,1
4470,1
891,0
2793,0
6816,1
5455,1
4403,1
7732,1
5413,0
6965,1
3249,0
6889,1
1208,0
3868,1
7291,1
4065,1
6945,1
6169,1
1239,0
2289,0
2740,0
275,0
4585,1
1035,0
1229,0
1008,0
6618,1
5178,0
3828,0
2532,0
4293,1
1058,0
6040,0
281,0
1043,0
1316,0
968,0
2381,0
6480,1
1939,0
5843,1
1274,0
619,0
5912,1
1742,0
1390,0
6611,1
1579,1
1655,0
3568,0
2352,0
2212,0
8073,0
3178,0
3192,0
1307,0
575,0
2360,0
1280,0
6605,1
4957,1
6875,1
5724,0
1993,0
2639,0
269,1
629,0
6029,1
3081,0
3466,0
7097,1
4396,0
4023,1
7696,1
5543,1
5568,1
2046,0
4356,1
6379,1
2113,0
27,0
2040,0
3928,0
7342,1
3216,0
7568,1
3814,1
129,0
6033,1
7970,0
4599,1
13,1
7144,1
4476,1
1525,0
2365,0
4648,1
3052,1
4005,1
2340,0
374,0
7006,1
6979,1
939,0
7771,1
5718,1
4573,1
2147,1
3591,0
8093,1
7375,0
6826,1
3623,0
529,0
3714,0
6348,1
4732,0
1269,0
4281,1
1394,0
4850,1
4009,0
4390,1
1797,0
2979,0
1441,0
6915,1
7905,0
3811,0
5631,1
1273,0
4703,1
1712,0
955,0
6027,1
7766,1
7363,1
7457,1
403,0
2071,0
7715,1
1977,0
158,0
5844,1
3888,0
5451,1
902,0
352,0
5326,1
4540,1
4130,1
754,0
5833,1
2971,0
8083,1
2920,0
311,1
4644,1
661,0
1989,1
3665,0
306,0
2335,0
4790,1
2356,0
3702,0
3804,1
1927,0
7126,1
3427,0
749,0
3638,0
5922,1
1266,0
6548,1
6175,1
7183,0
3595,0
2134,0
5066,1
4109,0
4969,1
4904,1
514,0
7264,1
409,0
6071,1
8090,1
8029,0
7038,1
207,0
6606,1
458,0
2054,0
2430,0
250,0
6932,0
5437,1
1107,0
7284,0
1713,0
3911,1
6538,1
715,0
552,0
1439,0
2270,0
3144,0
7751,1
1925,0
634,0
316,0
7631,0
5424,1
427,0
6041,1
105,0
3041,1
4238,1
2169,0
1709,0
89,0
2241,1
3174,1
6074,1
1949,0
4044,1
7658,0
2848,0
1,0
4337,1
935,0
6951,1
2720,0
5205,1
6227,1
591,0
7827,1
6105,1
2936,0
2448,0
1576,0
6536,1
6779,1
213,0
778,0
6870,1
3496,1
7917,1
2043,0
7367,1
5420,0
1567,0
165,0
4702,1
3566,0
6224,1
7720,0
5439,1
2013,0
273,0
3860,0
4167,1
6481,1
3788,0
5183,1
394,0
583,0
7986,0
8096,0
7529,0
6674,1
7764,1
6570,1
520,0
1763,0
1875,0
5355,1
3965,1
3344,0
2253,0
3224,0
526,0
2946,0
4473,1
3899,0
5655,1
692,0
7676,1
4444,0
3633,1
5805,1
1050,0
590,1
519,0
3380,0
3676,0
5776,0
6690,1
5179,0
1607,0
3610,1
7746,0
8120,0
1809,0
791,0
792,0
6678,1
1855,0
1980,0
3233,1
3598,0
933,0
3963,1
6050,1
5626,1
5506,1
7539,1
4179,0
4026,1
7197,1
4116,1
988,0
7051,0
3453,1
7419,1
3778,0
5658,1
6812,1
3093,1
3155,0
5069,1
5806,1
3201,1
6555,1
1098,0
6744,0
2844,0
886,0
8013,0
7449,0
515,0
7495,1
4833,1
1453,1
3553,0
3609,0
4665,1
2506,0
2994,0
3999,1
7698,0
906,1
28,0
6968,1
2507,0
2428,0
5043,1
5346,1
762,0
3747,0
4811,1
284,0
686,0
7508,1
2353,0
7947,1
6978,1
21,1
2752,0
885,0
917,0
1040,0
6445,1
1265,0
4579,1
7032,0
8032,1
277,0
5084,1
2084,0
1245,0
2382,0
571,0
1435,0
3902,1
5089,1
1247,0
7794,1
4681,1
3526,0
2514,0
5445,1
1007,0
4770,1
4543,1
6126,1
7037,0
2064,0
5352,1
6414,1
1690,0
7011,0
7378,0
5343,1
1985,0
294,0
1547,0
2012,0
588,0
3329,0
2403,0
2129,1
3998,0
7116,0
3741,1
3508,1
2719,0
4521,1
5150,0
7399,1
7407,0
556,1
4795,1
2469,0
3738,1
4286,1
6685,1
5289,1
1716,0
2604,0
6696,1
1704,0
2139,0
3239,1
2383,0
4311,1
1285,0
6912,1
6441,1
7259,1
3930,1
5985,1
6154,1
1591,0
7632,0
7200,0
2162,0
2396,0
317,0
7290,0
3111,0
5233,0
6487,1
7878,0
4036,1
795,1
3020,0
1711,0
3387,0
36,0
4549,1
913,0
5721,1
5295,0
3972,0
5370,1
4133,1
974,0
983,0
6630,1
1418,0
1560,0
4135,1
5582,0
6476,1
4265,1
1355,0
7606,1
7701,0
987,0
2682,0
5047,1
1640,0
1290,0
3681,0
1380,1
1933,0
4675,1
6830,1
3160,0
2030,0
892,0
4876,0
4069,1
4255,1
2,0
2109,0
849,0
2737,0
2466,0
1914,0
1596,0
5872,1
1913,0
5139,1
7650,0
5640,0
2736,0
726,0
53,1
1796,0
3845,1
6007,1
2553,0
2800,0
936,0
7781,1
824,0
4321,1
3401,0
1389,0
3564,0
884,0
5429,1
5703,1
5690,1
4867,1
1868,0
5181,1
10,0
3415,0
5421,0
1463,0
806,0
6621,1
6386,1
4068,0
2108,0
6851,1
8052,0
2234,0
963,0
4494,1
2632,0
6094,1
704,0
431,0
4388,1
6077,1
145,0
2033,0
6813,1
1165,0
3500,1
2050,0
3760,0
2624,0
4484,1
4435,1
6471,1
6299,1
4361,1
2424,0
1262,1
1771,0
3511,1
271,1
4792,1
8087,1
244,0
7870,0
4572,1
2032,0
7487,1
6419,1
813,1
6010,1
3810,1
7861,1
8058,1
6594,1
1804,0
6896,1
4346,1
2461,0
545,0
3241,0
738,0
310,0
3521,1
1131,0
5545,1
7993,0
4111,1
2769,0
920,0
6802,1
3587,0
3959,1
38,0
4459,0
4278,1
2983,0
5290,1
8104,0
5217,1
2667,0
3223,0
1182,0
7372,0
614,0
7971,0
1466,0
4497,0
3042,0
934,0
2419,0
5085,1
7330,1
6582,1
4822,1
826,0
1521,0
2930,0
4232,1
628,0
4430,1
3853,0
390,0
4345,1
7907,0
5913,0
3990,1
400,0
4806,0
5135,0
6661,1
3359,1
46,0
5657,1
7785,1
7998,1
3642,0
3726,1
7435,1
5208,1
5319,1
7874,1
2421,0
5604,0
1750,0
7844,0
6650,1
4062,0
7684,1
338,0
215,0
3663,1
1341,0
7428,1
7855,1
3894,1
3640,0
329,0
7824,1
3004,1
7753,0
3115,0
7847,0
2322,0
4197,0
3549,0
1458,0
171,0
4203,1
7545,1
3569,0
4226,1
5158,1
6624,1
6185,1
6689,1
938,0
60,0
1240,1
5760,1
5136,1
6784,1
2120,0
1524,0
153,0
6344,1
481,0
6122,1
4460,1
3920,0
1762,0
750,0
1785,0
6750,1
6212,1
4501,1
4853,1
2711,0
6778,1
4193,1
1333,0
7232,1
2854,0
186,0
1136,0
2058,0
6807,1
7324,1
148,0
4124,0
4889,1
6577,1
3363,1
4788,0
2866,0
3776,0
1386,0
5941,1
7673,0
6715,1
5695,0
3629,0
7306,0
4797,1
3028,0
2969,0
7096,1
1708,0
2953,0
454,0
6136,1
7015,0
6411,1
609,0
4263,1
4826,1
6958,0
2074,1
4052,1
6601,1
1622,0
4683,1
5497,0
5796,1
7119,0
40,0
5475,1
2089,1
3924,0
2175,0
74,0
6499,1
8010,0
2657,0
3180,0
2076,0
441,0
2051,0
2541,0
1301,0
7469,1
3430,0
1304,0
236,0
7464,1
2599,0
4616,1
2573,0
3280,1
3186,0
3953,1
2768,0
4831,0
4223,1
2106,0
2679,0
2761,0
4688,1
5399,1
1387,0
7625,1
7351,1
7260,0
6987,1
7830,0
5000,1
5853,1
1279,0
7250,1
7955,0
6404,1
1555,1
7345,1
3190,1
4566,1
4802,1
7620,1
4841,1
3594,1
6035,1
1920,0
513,0
4177,1
1308,0
5667,1
914,0
3452,1
3695,0
4242,1
3156,1
2198,0
774,0
4425,1
6150,1
6097,1
943,0
822,0
5005,0
4277,1
164,0
5619,0
4547,1
3983,1
2538,0
7741,0
1311,0
5207,1
7386,1
5383,1
6769,1
7534,0
3300,1
3310,0
327,1
5886,0
2490,0
7642,0
6103,1
5954,1
7610,0
4408,1
832,0
3079,0
3462,0
5297,1
7120,1
54,1
6230,1
4064,1
3451,1
6305,1
1901,0
1481,0
4873,1
4895,1
4150,0
3335,0
6016,1
4926,0
946,0
5797,1
3293,0
2161,0
7857,1
5083,1
8021,1
3057,1
5490,1
768,0
7637,1
3495,0
285,0
8024,1
4524,1
7226,0
2332,0
2717,0
2079,0
3389,1
722,0
951,0
7546,1
2262,0
989,0
3212,0
1759,0
6667,1
4422,1
5479,0
1724,0
5182,1
341,0
3701,1
4243,1
688,0
3432,1
5203,1
4944,1
966,1
7668,1
7341,1
2203,0
2713,0
4757,1
5098,0
7157,1
7430,1
7160,1
5280,0
5975,1
3572,1
4805,1
5299,0
1990,1
4120,1
4759,1
6660,0
5298,1
7191,1
4971,1
7695,1
5034,1
3600,0
6490,1
7412,0
8084,0
6691,1
385,1
7090,0
7414,1
536,0
6387,1
7578,1
5032,1
4212,1
6456,1
3507,0
201,0
1332,1
3502,0
2708,0
6030,1
5031,1
6514,1
4662,0
4021,1
1854,0
7261,1
2872,0
3030,0
1205,0
6563,1
1645,0
3417,1
3476,0
6831,1
2861,0
1792,0
5526,1
3797,0
3368,0
3367,0
3533,1
7127,1
5109,0
6024,1
3449,0
603,0
3056,0
7069,1
126,0
7964,0
3876,1
2935,0
5443,0
4451,0
3531,1
2730,0
827,0
1639,0
984,1
3281,1
8072,1
2188,0
7482,1
2443,1
362,0
2349,0
345,0
814,1
6166,1
4807,1
3205,1
6743,1
7779,0
5961,0
3325,0
4106,1
7268,1
2116,0
1834,0
793,0
8035,0
2674,0
94,0
4225,1
3756,0
2891,0
2371,0
7003,0
6722,1
7201,1
3228,0
6158,1
6359,1
5996,0
7505,1
7320,1
6028,1
2853,0
7550,0
2912,0
1865,0
5754,0
4612,1
1857,0
2645,0
2243,0
5373,1
2336,0
950,1
3068,1
1120,0
2597,0
2204,0
419,0
922,0
1254,1
477,0
2035,0
8102,0
5788,1
5742,1
5567,1
6697,1
1202,0
6534,1
2626,0
5765,1
7812,1
1970,0
3110,1
4018,0
2151,0
3687,1
4916,1
1997,0
4033,0
7959,1
3054,0
1248,0
2192,0
2712,0
992,0
2190,0
4670,1
5142,1
5984,1
6565,1
3762,0
3597,1
4711,1
1318,0
1863,0
2343,0
2449,0
2136,0
1065,0
5868,1
8056,0
4227,1
2621,0
77,0
2898,0
6148,1
4820,1
1314,0
5947,1
8015,0
7094,1
872,0
3850,0
5468,1
5951,1
7763,0
2965,0
3391,0
5415,0
2560,1
7950,1
2635,0
5256,1
3530,0
375,0
1908,0
4429,1
7551,1
7105,1
4027,1
6461,1
1604,0
1118,0
3677,0
3490,1
7890,0
6039,1
2958,0
1994,0
8051,0
7060,1
2376,0
7436,1
1342,1
320,0
1619,0
3713,1
7433,1
2060,0
2219,0
1673,0
6038,0
260,0
7172,1
2039,0
4785,1
901,0
3744,0
6402,1
2026,0
4234,1
1917,0
1828,0
1573,0
4415,1
4749,1
6233,1
7128,0
4654,1
6283,1
4208,1
4627,1
224,0
723,0
7285,1
1141,0
5529,1
6469,1
5764,0
7243,1
5554,1
7703,1
2762,0
846,0
4289,1
5560,1
6717,1
5042,1
6117,1
2551,0
5725,1
2928,0
117,0
645,0
5966,1
3,1
4170,1
5851,1
467,0
5,0
5342,1
919,0
2595,0
4324,1
1063,0
2590,0
242,0
7070,1
1160,0
2870,0
3735,0
7427,1
2397,0
3517,0
3421,1
2563,0
6767,1
5622,0
1605,0
7826,1
2324,0
2709,0
7562,1
1312,1
3448,0
3812,0
6085,1
7553,1
2362,0
1975,1
3514,0
1761,0
5401,0
2739,0
5637,1
7563,1
2472,0
6738,1
6891,1
4007,1
4718,1
6177,1
1493,0
4206,1
6371,1
2158,0
1169,0
7335,0
232,0
66,0
1603,0
6168,1
3283,0
3596,0
6288,1
4632,1
125,0
6229,1
5350,1
1296,0
1976,0
7336,1
7279,1
2075,0
4580,1
5750,1
7669,1
3086,0
7046,0
6882,1
7085,1
3345,0
7254,1
5870,1
6506,1
2797,1
918,0
1646,0
5122,0
5126,1
4978,1
5431,1
6842,1
4621,1
6809,1
364,0
3287,0
2125,0
4123,1
4569,1
525,0
4821,1
55,0
638,0
302,0
2766,1
5811,1
1276,0
7608,1
4720,1
2055,0
5376,1
6947,1
5145,1
4432,1
3644,1
4143,1
2878,0
4202,1
6493,1
5175,0
2286,0
2261,0
5240,1
7228,0
2296,0
6937,0
5932,1
1753,0
5197,0
1968,0
7055,1
3117,0
2393,0
523,1
6376,1
6788,1
6981,1
5524,1
6677,1
3900,1
7569,1
4699,1
5585,1
7168,1
3122,1
6777,1
4156,0
1969,0
671,0
4188,1
666,0
7033,0
1887,1
3266,0
280,1
1719,0
2947,0
4455,1
899,0
6031,1
7863,1
6090,1
7117,1
6991,1
760,0
6254,1
1906,0
4042,1
3823,0
4138,0
3818,0
6269,1
4300,1
5569,0
6196,1
2593,0
4164,1
3031,0
5971,1
3579,0
2832,0
5449,1
3472,0
6327,1
137,0
7043,1
4892,1
2180,0
2128,1
3177,0
4854,1
4637,1
5115,1
7081,1
4261,1
4344,1
1331,0
2017,0
4542,1
2482,1
7002,1
1358,0
6941,0
6241,1
1329,0
8097,1
6881,1
7996,0
2150,0
4530,1
2122,0
4673,0
3981,1
6996,1
1252,0
3278,0
7062,1
3374,0
2814,0
4719,0
6544,1
1848,0
4858,0
3037,1
388,0
235,0
1077,1
1984,0
4363,1
3962,1
770,0
2165,0
4533,0
673,0
249,0
6297,1
1574,0
6238,1
3419,0
2081,0
1823,0
7514,0
7762,0
4544,1
5565,1
716,0
7245,0
8098,1
2048,0
5997,0
6600,1
5264,0
4178,1
4809,1
2724,0
7340,1
1460,0
6914,0
5989,1
1668,0
2756,0
2000,0
4571,1
4613,1
7547,0
404,0
384,0
7292,0
2152,0
1633,0
7440,0
5580,1
4784,1
7307,1
6970,0
3925,1
5336,1
4158,1
4948,1
5898,0
7362,1
5358,1
223,0
2193,0
3136,0
4469,1
1824,0
7459,0
5124,1
4972,1
797,0
2871,0
9,0
6593,1
1944,0
1838,0
4804,1
255,0
7026,0
5713,1
4485,1
7316,1
1581,0
2956,0
924,0
7808,1
7198,1
2508,0
6132,1
5024,1
5320,1
7102,1
6645,1
6042,1
3775,1
4835,1
4136,1
4964,0
2779,0
539,0
2745,0
7299,0
7418,0
6819,1
5467,1
1145,0
5127,1
4468,1
667,0
3019,0
357,1
5063,1
2831,0
2783,0
1353,0
5131,1
7114,1
470,0
2703,0
3330,0
3637,0
1396,0
3584,0
7286,1
5262,1
5645,0
3376,0
1256,1
6190,1
3512,0
5651,1
5778,1
1250,0
5795,1
5348,1
7797,0
4298,1
3284,1
2933,0
4175,1
5268,1
4910,1
1852,0
6316,1
6815,1
7599,1
7896,1
2105,0
133,0
5236,1
5029,1
928,0
823,0
7380,1
1531,0
1214,0
504,0
4285,1
6491,1
1996,0
6530,0
3072,0
1958,0
1384,0
894,0
4924,1
455,0
6619,1
5779,0
7522,0
3709,0
7493,1
4849,1
4748,1
4268,1
3522,1
4134,0
3602,0
7933,0
713,0
4186,0
2214,0
5301,1
2923,0
7359,0
1810,1
3486,0
3141,1
1827,0
1155,0
1324,0
4312,1
510,0
1680,0
499,0
7366,0
1856,0
1388,0
5615,1
3719,0
2386,0
5541,1
3236,0
6172,1
1540,1
1217,0
2681,0
7937,0
2993,0
5512,1
6313,1
1191,0
5772,1
5293,1
1542,0
3301,0
3324,0
7056,1
2539,1
953,0
7241,1
7176,0
6731,1
4846,0
6801,1
4330,1
732,1
8112,0
1156,0
7587,1
3294,0
6541,1
2982,0
5305,1
5161,1
2156,0
1062,0
2616,0
1167,0
3222,0
3636,0
5588,0
2938,0
7091,1
7192,1
4491,0
7266,0
3140,0
4980,1
143,0
8045,1
3577,0
4946,1
2782,0
717,0
1819,0
2502,0
4360,1
4171,1
6588,1
395,0
5731,0
6320,1
7186,1
7843,0
4492,1
1365,0
7402,1
5999,1
595,1
6205,1
3952,1
5392,0
5917,0
4968,1
2914,0
7997,1
2326,0
5644,1
3766,0
3440,0
3851,0
4132,1
7357,1
6806,1
7446,0
2143,0
7490,0
5073,1
1571,0
4079,1
1122,0
2786,0
6335,1
2967,0
2504,0
5988,1
3465,1
675,0
2808,0
7164,1
3348,0
728,0
412,0
3146,0
1516,0
5745,1
825,0
3267,0
3974,1
616,0
114,1
417,1
3069,1
1625,1
7113,1
6748,1
8040,0
4185,1
2896,0
7584,0
2082,0
753,0
2546,0
7420,1
3969,1
3373,0
5726,1
4107,0
2444,0
4380,0
1066,0
3913,1
5287,1
5536,0
5387,0
5732,0
3498,0
2738,0
5052,0
4000,0
1568,1
2427,0
3746,1
6833,1
7525,1
1687,0
851,0
3546,0
6303,1
895,0
4592,1
6401,1
5878,1
335,0
2839,0
3087,1
4611,0
1348,0
1015,0
2816,0
1631,0
2489,0
3730,0
6905,0
7390,0
3251,0
7519,1
7267,1
5877,1
6665,1
5881,1
2070,0
4452,1
7920,1
7421,1
5408,1
1635,0
4646,1
6484,1
2479,0
6617,1
2265,0
2959,0
5323,1
7674,0
3059,0
5053,0
5869,1
2141,0
5104,1
3118,1
5188,0
7665,0
4045,1
3356,0
2744,0
7253,0
5092,1
3506,1
1679,0
4249,1
3147,1
2294,0
7004,0
6933,1
580,0
1470,0
4799,0
4070,1
5308,0
3343,0
4992,1
7404,0
4583,1
3672,0
559,0
5237,1
5215,1
2849,0
512,0
4729,1
1081,1
1664,0
1012,0
1931,0
1150,0
2838,0
5949,0
116,0
740,0
7793,1
6070,1
5177,1
3675,1
5906,0
830,0
119,0
4752,1
7748,0
7690,1
8027,1
635,0
4465,1
4364,1
6799,1
7079,0
6966,1
7010,1
4142,0
7517,1
7027,1
991,0
876,0
4869,1
5315,1
5222,1
4,0
3051,0
5691,0
3124,1
6407,1
7136,0
2660,0
2491,0
7146,1
5173,1
3854,1
4933,1
4777,0
1715,0
6448,1
7509,1
6713,1
6457,1
6293,1
1148,0
3261,0
574,0
3769,0
3736,0
4146,1
853,0
1982,0
2774,0
5919,1
4929,1
7521,1
5211,1
1166,1
6614,1
6002,1
971,0
2701,0
4495,1
6655,1
3847,0
2368,0
4115,1
4780,1
4131,1
2950,0
5625,1
6971,1
524,0
2455,0
5016,1
1841,0
5986,1
537,0
2806,0
5801,1
5596,0
7206,1
7343,1
4341,0
7560,0
3175,0
784,0
4057,1
1409,0
2537,0
154,0
3009,1
1686,0
2901,0
8039,1
7455,0
4721,1
3863,0
2733,0
1895,0
5442,1
569,0
6709,1
5854,1
1816,1
2065,0
127,0
3394,0
3327,1
8092,1
6102,1
2975,0
980,0
2300,0
190,0
1139,0
5088,1
699,0
7749,0
606,0
4276,0
301,0
6640,1
3420,0
7815,1
1060,0
7877,1
7954,0
2565,0
8108,1
1069,0
2524,0
2205,0
1243,1
7339,1
16,0
3120,0
8095,1
4642,1
4754,1
815,0
3067,0
7756,1
5600,1
959,0
7022,0
6427,1
4893,1
7444,0
225,0
6170,1
3354,0
5895,0
2485,0
562,0
3436,0
6373,1
6181,1
1693,0
6893,1
1045,0
3446,1
4565,1
954,0
8091,1
2735,0
7961,1
4735,1
7818,0
1218,0
5254,1
5511,1
7722,1
1527,0
3987,1
8014,0
1300,0
7939,0
6944,1
5699,1
160,0
4067,1
5800,1
956,1
3791,0
3234,0
2869,0
3777,0
4433,1
4973,1
6015,1
2961,0
5980,0
2200,0
98,0
7888,1
2557,0
3183,0
7394,1
253,0
3923,0
4199,1
1445,1
5539,1
1648,0
4682,1
4723,1
3991,1
1696,0
3191,1
6197,1
6295,1
4499,1
1154,1
2255,0
6959,1
1682,0
3170,0
7400,0
2056,0
7158,0
4090,1
7910,1
3108,0
4548,1
3723,0
6397,1
5423,1
7040,0
2049,0
4976,1
3643,0
8008,1
623,0
6489,1
7807,0
5883,0
262,0
5730,1
3369,0
4061,0
5534,0
6294,1
6065,1
6616,1
1802,0
4736,1
8106,0
2385,1
6694,1
5759,1
1959,1
2976,0
488,0
1843,1
1734,1
2911,0
3219,0
146,0
5630,0
1986,0
1369,0
6546,1
6051,1
7098,0
2811,0
659,0
1794,0
7516,0
2511,0
3397,1
4282,1
1147,0
3272,0
608,0
6287,1
6895,1
3582,0
1930,1
7125,1
197,0
7777,0
2931,0
2327,0
4389,1
766,0
4496,1
4218,1
3255,0
202,0
3510,0
4931,0
6390,1
5535,1
1733,0
5791,1
2777,0
1707,1
5172,1
5249,1
5757,0
3474,0
6528,1
7868,1
5855,1
854,0
5685,1
6363,1
4737,1
4097,1
2160,0
698,1
8036,0
2999,0
3696,0
1636,1
7280,0
7554,1
3457,1
3581,1
1291,0
4659,1
6585,1
5616,1
1853,0
5232,1
3763,0
3304,1
7982,1
5727,0
3743,0
3445,0
1998,0
663,1
4779,1
5353,1
7885,1
3748,0
4413,1
4744,1
5530,1
5575,1
709,0
7526,0
1282,0
5864,1
5068,1
2675,0
6776,1
4029,1
1306,0
5496,1
5504,0
7392,1
2237,0
3302,0
5592,1
7515,1
2038,0
1529,0
1663,0
5450,1
8017,0
8047,1
3627,1
5739,1
5147,1
4891,1
2693,0
3060,1
1597,0
6700,1
2729,0
2625,0
5915,1
3157,0
3314,0
1722,0
5279,1
6668,1
1059,0
4636,1
3242,1
1678,0
6892,1
6374,1
7574,1
6628,1
1757,0
6019,1
4191,1
5116,1
563,0
7408,1
2790,0
863,0
7742,1
7858,0
1484,0
7035,0
7721,0
5977,1
5134,0
206,0
4488,1
6938,0
870,0
4493,1
6910,0
502,0
7385,0
1028,0
3840,1
2690,0
5581,1
6756,1
7906,1
5056,1
1570,0
2773,0
5991,1
2731,0
6242,1
804,0
5847,0
3645,0
2454,0
4598,1
7215,1
3104,1
7073,0
4875,1
5959,1
200,0
6278,1
3099,0
6184,1
7161,1
2278,0
3561,0
5892,1
4474,1
6432,1
4514,1
5794,0
391,0
6736,1
5618,1
5258,1
7230,1
1495,0
2695,0
2027,0
5248,1
5463,0
2568,0
64,0
3884,0
2062,0
5276,1
7208,0
492,1
379,0
6331,0
4859,0
6360,1
3993,1
4887,1
1076,0
878,0
337,0
7916,0
6863,1
7892,1
6439,1
7869,1
1016,0
1275,1
3798,0
7629,1
4551,1
3342,0
4911,0
6413,1
995,0
1981,0
4297,1
161,0
5675,1
6873,1
6545,1
4798,1
1500,0
7989,1
3843,1
5225,1
2613,0
3461,0
1021,0
3073,1
7555,0
3943,0
1585,1
1955,1
3152,1
6349,1
34,0
4014,1
775,0
2556,0
7595,1
1478,1
7099,1
5486,1
6235,1
1363,0
7041,0
2612,0
7513,0
2824,0
2041,0
241,0
2061,1
2363,0
600,0
2435,0
5393,1
6310,1
2888,0
6164,1
646,0
3890,1
3556,1
3202,0
1528,0
6975,0
1267,1
7734,1
1899,0
4658,1
3005,0
2734,0
7101,1
189,0
1806,0
975,0
2747,0
7643,0
2047,0
7849,1
2558,0
1082,0
474,0
7728,1
2904,0
4843,1
6396,0
4117,1
3385,0
4555,1
1184,0
6420,1
5051,1
5311,1
2433,0
6949,1
7581,0
5611,1
2391,0
769,0
7476,1
1685,0
130,0
7831,0
2919,0
3171,0
3444,1
6231,1
5578,0
4426,1
5334,1
466,0
6265,1
5734,0
3092,0
3772,0
5191,1
5226,1
5390,0
860,0
7603,1
7270,0
